stefan,10309611,Stefan,Nerissa
ewalls,108689,Walls,Elke
awebster,10511557,Webster,Arla
lally,10627804,Lally,Chris
mchestnu,10256124,Chestnut,Mina
menewby,10603160,Newby,Mimi
polhemus,10565935,Polhemus,Adam
roseannj,10597608,Jarnigan,Roseann
ensminge,1039532,Ensminger,Kaleigh
rcordero,10544169,Cordero,Roberta
claflin,10442318,Claflin,Laree
mbickel,10382980,Bickel,Maudie
jlerma,10659571,Lerma,Jolie
ball,10613773,Ball,Palmer
laniebol,10410449,Bolster,Lanie
petrie,10877821,Petrie,Omar
jstier0,10260011,Stier,Jorge
legrande,10633168,Legrande,Violette
joleathe,10777259,Leathers,Jeromy
corinavi,10814174,Vitela,Corina
cport2,10860927,Port,Charmaine
tommiepi,10248174,Pingree,Tommie
dlute,10950392,Lute,Dorethea
ggrandy,10172067,Grandy,Gianna
seelig,10784780,Seelig,Victor
rhfriedt,10540289,Friedt,Rudy
jslaton,10607020,Slaton,Jerald
dibenede,10445717,Dibenedetto,Kermit
evelynke,10878331,Kenney,Evelyn
jamilaur,10485909,Urich,Jamila
mhaapala8,10602326,Haapala,Melissia
dutter,10354787,Utter,Dell
nm50,10650581,Mai,Ned
ycloyd,1020929,Cloyd,Yelena
tpenman,10784146,Penman,Thea
brar,10198861,Brar,Merrill
vizcaino,10381294,Vizcaino,Raven
rgreenan3,10727107,Greenan,Rickey
reaves,10291815,Reaves,Marylou
plants,10963942,Plants,Alexis
ecifuent,10365625,Cifuentes,Eryn
dbensing,10487242,Bensinger,Derrick
cessna,10928237,Cessna,Terrence
martinap,10367520,Peavey,Martina
bonitase,104718,Severt,Bonita
pg8,10697423,Grieco,Precious
pkolstad,10643588,Kolstad,Percy
pautz,10741482,Pautz,Michal
jeannied,10912944,Dessert,Jeannie
roccodur,10922195,Durio,Rocco
lfkamm,10905590,Kamm,Lidia
bradford,10458400,Ashline,Bradford
magdalen,10793895,Cody,Magdalena
lydiasid,1074951,Sideris,Lydia
snardi,10195520,Nardi,Syble
forresto,10600918,Orban,Forrest
ebeckert,10624839,Beckert,Eugenio
gotoole,1017708,Otoole,Glennis
luannala,10639639,Lamontagne,Luanna
mcouncil,10803111,Council,Mercedes
nevillen,10557497,Nuckles,Neville
ddbransc,10130030,Branscome,Dewitt
ricardom,10831105,Mcninch,Ricardo
aromberg,10413410,Romberger,Anton
rezac,10694522,Rezac,Alvaro
vgorham,1095856,Gorham,Vernetta
summer,10759624,Summer,Charlie
jasher6,10536400,Asher,Jamison
leep,10715408,Leep,Felix
bvalade,1092078,Valade,Benton
dsfairal,1023674,Fairall,Donte
willianm,10520911,Mcelhaney,Willian
mozellas,10501569,Shuler,Mozella
particia,10551740,Centeno,Particia
lsilvia,10704355,Silvia,Latanya
btrujill,10394433,Trujillo,Barney
alvincup,10844965,Cupit,Alvin
kegler,10424085,Kegler,Sulema
cravens,10496225,Cravens,Marcelo
hiller,10295830,Hiller,Sasha
dubay,1084744,Dubay,Edelmira
dulybran,10997707,Lybrand,Dick
gensler,10690702,Gensler,Tiffaney
marano,10371503,Marano,Tawny
orso,10263331,Orso,Larry
marringt,1053677,Arrington,Modesto
hartnett,10263925,Hartnett,Kendrick
bepling,10722194,Epling,Britt
nickolas,10225977,Rothchild,Nickolas
apicella,10435596,Apicella,Harrison
pabrego,1078811,Abrego,Pete
lkearse3,10210631,Kearse,Lyman
wetzler,10284064,Wetzler,Brande
wzvarano,10467966,Varano,Wade
galenoce,10613979,Nocera,Gale
keaton7,10349627,Eaton,Ka
amarple,10495542,Marple,Alfred
jkopp3,1010899,Kopp,Jamie
tuyethel,10365959,Helmers,Tuyet
ll92,10405370,Largo,Lakia
